PAP Ref,PAP Ref
SIM001,SIM001
SIM002,SIM002
SIM003,SIM003
SIM004,SIM004
SIM005,SIM005
SIM006,SIM006
SIM007,SIM007
SIM008,SIM008
SIM009,SIM009
SIM010,SIM010
SIM011,SIM011
SIM012,SIM012
SIM013,SIM013
SIM014,SIM014
SIM015,SIM015
SIM016,SIM016
SIM017,SIM017
SIM018,SIM018
SIM019,SIM019
SIM020,SIM020
SIM021,SIM021
SIM022,SIM022
SIM023,SIM023
SIM024,SIM024
SIM025,SIM025
SIM026,SIM026
SIM027,SIM027
SIM028,SIM028
SIM029,SIM029
SIM030,SIM030
SIM031,SIM031
SIM032,SIM032
SIM033,SIM033
SIM034,SIM034
SIM035,SIM035
SIM036,SIM036
SIM037,SIM037
SIM038,SIM038
SIM039,SIM039
SIM040,SIM040
SIM041,SIM041
SIM042,SIM042
SIM043,SIM043
SIM044,SIM044
SIM045,SIM045
SIM046,SIM046
SIM047,SIM047
SIM048,SIM048
SIM049,SIM049
SIM050,SIM050
SIM051,SIM051
SIM052,SIM052
SIM053,SIM053
SIM054,SIM054
SIM055,SIM055
SIM056,SIM056
SIM057,SIM057
SIM058,SIM058
SIM059,SIM059
SIM060,SIM060
SIM061,SIM061
SIM062,SIM062
SIM063,SIM063
SIM064,SIM064
SIM065,SIM065
SIM066,SIM066
SIM067,SIM067
SIM068,SIM068
SIM069,SIM069
SIM070,SIM070
SIM071,SIM071
SIM072,SIM072
SIM073,SIM073
SIM074,SIM074
SIM075,SIM075
SIM076,SIM076
SIM077,SIM077
SIM078,SIM078
SIM079,SIM079
SIM080,SIM080
SIM081,SIM081
SIM082,SIM082
SIM083,SIM083
SIM084,SIM084
SIM085,SIM085
SIM086,SIM086
SIM087,SIM087
SIM088,SIM088
SIM089,SIM089
SIM090,SIM090
SIM091,SIM091
SIM092,SIM092
SIM093,SIM093
SIM094,SIM094
SIM095,SIM095
SIM096,SIM096
SIM097,SIM097
SIM098,SIM098
SIM099,SIM099
SIM100,SIM100
SIM101,SIM101
SIM102,SIM102
SIM103,SIM103
SIM104,SIM104
SIM105,SIM105
SIM106,SIM106
SIM107,SIM107
SIM108,SIM108
SIM109,SIM109A
SIM110,SIM109B
SIM111,SIM110
SIM112,SIM111
SIM113,SIM112
SIM114,SIM113
SIM115,SIM114
SIM116,SIM115
SIM117,SIM116
SIM118,SIM117
SIM119,SIM118
SIM120,SIM119
SIM121,SIM120
SIM122,SIM121
SIM123,SIM122
SIM124,SIM123
SIM125,SIM124
SIM126,SIM125
SIM127,SIM126
SIM128,SIM127
SIM129,SIM128
SIM130,SIM129
SIM131,SIM130
SIM132,SIM131
SIM133,SIM131
SIM134,SIM132
SIM135,SIM133
SIM136,SIM134
SIM137,SIM135
SIM138,SIM136
SIM139,SIM137
SIM140,SIM138
SIM141,SIM139
SIM142,SIM140
SIM143,SIM141
SIM144,SIM142
SIM145,SIM143
SIM146,SIM144
SIM147,SIM145
SIM148,SIM146
SIM149,SIM147
SIM150,SIM148
SIM151,SIM149
SIM152,SIM150
SIM153,SIM151
SIM154,SIM152
SIM155,SIM153
SIM156,SIM154
SIM157,SIM155
SIM158,SIM156
SIM159,SIM157
SIM160,SIM158
SIM161,SIM159
SIM162,SIM160
SIM163,SIM161
SIM164,SIM162
SIM165,SIM163
SIM166,SIM164
SIM167,SIM165
SIM168,SIM166
SIM169,SIM167
SIM170,SIM168
SIM171,SIM169
SIM172,SIM170
SIM173,SIM171
SIM174,SIM172
SIM175,SIM173
SIM176,SIM174
SIM177,SIM175
SIM178,SIM176
SIM179,SIM177
SIM180,SIM178
SIM181,SIM179
SIM182,SIM180
SIM183,SIM181
SIM184,SIM182
SIM185,SIM183
SIM186,SIM184
SIM187,SIM185
SIM188,SIM186
SIM189,SIM187
SIM190,SIM188
SIM191,SIM189
SIM192,SIM190
SIM193,SIM191
SIM194,SIM192
SIM195,SIM193
SIM196,SIM194
SIM197,SIM195
SIM198,SIM196
SIM199,SIM197
SIM200,SIM198
SIM201,SIM199
SIM202,SIM200
SIM203,SIM201
SIM204,SIM202
SIM205,SIM203
SIM206,SIM204
SIM207,SIM205
SIM208,SIM206
SIM209,SIM207
SIM210,SIM208
SIM211,SIM209
SIM212,SIM210
SIM213,SIM211
SIM214,SIM212
SIM215,SIM213
SIM216,SIM214
SIM217,SIM215
SIM218,SIM216
SIM219,SIM217
SIM220,SIM218
SIM221,SIM219
SIM222,SIM220
SIM223,SIM221
SIM224,SIM222
SIM225,SIM223
SIM226,SIM224
SIM227,SIM225
SIM228,SIM226
SIM229,SIM227
SIM230,SIM228
SIM231,SIM229
SIM232,SIM230
SIM233,SIM231
SIM234,SIM232
SIM235,SIM233
SIM236,SIM234
SIM237,SIM235
SIM238,SIM236
SIM239,SIM237
SIM240,SIM238
SIM241,SIM239
SIM242,SIM240
SIM243,SIM241
SIM244,SIM242
SIM245,SIM243
SIM246,SIM244
SIM247,SIM245
SIM248,SIM246
SIM249,SIM247
SIM250,SIM248
SIM251,SIM249
SIM252,SIM250
SIM253,SIM251
SIM254,SIM252
SIM255,SIM253
SIM256,SIM254
SIM257,SIM255
SIM258,SIM256
SIM259,SIM257
SIM260,SIM258
SIM261,SIM259
SIM262,SIM260
SIM263,SIM261
SIM264,SIM262
SIM265,SIM263
SIM266,SIM264
SIM267,SIM265
SIM268,SIM266
SIM269,SIM267
SIM270,SIM268
SIM271,SIM269
SIM272,SIM270
SIM273,SIM271
SIM274,SIM272
SIM275,SIM273
SIM276,SIM274
SIM277,SIM275
SIM278,SIM276
SIM279,SIM277
SIM280,SIM278
SIM281,SIM279
SIM282,SIM280
SIM283,SIM281
SIM284,SIM282
SIM285,SIM283
SIM286,SIM284
SIM287,SIM285
SIM288,SIM286
SIM289,SIM287
SIM290,SIM288
SIM291,SIM289
SIM292,SIM290
SIM293,SIM291
SIM294,SIM292
SIM295,SIM293
SIM296,SIM294
SIM297,SIM295
SIM298,SIM296
SIM299,SIM297
SIM300,SIM298
SIM301,SIM299
SIM302,SIM300
SIM303,SIM301
SIM304,SIM302
SIM305,SIM303
SIM306,SIM304
SIM307,SIM305
SIM308,SIM306
SIM309,SIM307
SIM310,SIM308
SIM311,SIM309
SIM312,SIM310
SIM313,SIM311
SIM314,SIM312
SIM315,SIM313
SIM316,SIM314
SIM317,SIM315
SIM318,SIM316
SIM319,SIM317
SIM320,SIM318
SIM321,SIM319
SIM322,SIM320
SIM323,SIM321
SIM324,SIM322
SIM325,SIM323
SIM326,SIM324
SIM327,SIM325
SIM328,SIM326
SIM329,SIM327
SIM330,SIM328
SIM331,SIM329
SIM332,SIM330
SIM333,SIM331
SIM334,SIM332
SIM335,SIM333
SIM336,SIM334
SIM337,SIM335
SIM338,SIM336
SIM339,SIM337
SIM340,SIM338
SIM341,SIM339
SIM342,SIM340
SIM343,SIM341
SIM344,SIM342
SIM345,SIM343
SIM346,SIM344
SIM347,SIM345
SIM348,SIM346
SIM349,SIM347
SIM350,SIM348
SIM351,SIM349
SIM352,SIM350
SIM353,SIM351
SIM354,SIM352
SIM355,SIM353
SIM356,SIM354
SIM357,SIM355
SIM358,SIM356
SIM359,SIM357
SIM360,SIM358
SIM361,SIM359
SIM362,SIM360
SIM363,SIM361
SIM364,SIM362
SIM365,SIM363
SIM366,SIM364
SIM367,SIM365
SIM368,SIM366
SIM369,SIM367
SIM370,SIM368
SIM371,SIM369
SIM372,SIM370
SIM373,SIM371
SIM374,SIM372
SIM375,SIM373
SIM376,SIM374
SIM377,SIM375
SIM378,SIM376
SIM379,SIM377
SIM380,SIM378
SIM381,SIM379
SIM382,SIM380
SIM383,SIM381
SIM384,SIM382
SIM385,SIM383
SIM386,SIM384
SIM387,SIM385
SIM388,SIM386
SIM389,SIM387
SIM390,SIM388
SIM391,SIM389
SIM392,SIM390
SIM393,SIM391
SIM394,SIM392
SIM395,SIM393
SIM396,SIM394
SIM397,SIM395
SIM398,SIM396
SIM399,SIM397
SIM400,SIM398
SIM401,SIM399
SIM402,SIM400
SIM403,SIM401
SIM404,SIM402
SIM405,SIM403
SIM406,SIM404
SIM407,SIM405
SIM408,SIM406
SIM409,SIM407
SIM410,SIM408
SIM411,SIM409
SIM412,SIM410
SIM413,SIM411
SIM414,SIM412
SIM415,SIM413
SIM416,SIM414
SIM417,SIM415
SIM418,SIM416
SIM419,SIM417
SIM420,SIM418
SIM421,SIM419
SIM422,SIM420
SIM423,SIM421
SIM424,SIM422
SIM425,SIM423
SIM426,SIM424
SIM427,SIM425
SIM428,SIM426
SIM429,SIM428
SIM430,SIM429
SIM431,SIM430
SIM432,SIM431
SIM433,SIM432
SIM434,SIM433
SIM435,SIM434
SIM436,SIM435
SIM437,SIM436
SIM438,SIM437
SIM439,SIM438
SIM440,SIM439
SIM441,SIM440
SIM442,SIM441
SIM443,SIM442
SIM444,SIM443
SIM445,SIM444
SIM446,SIM445
SIM447,SIM446
SIM448,SIM447
SIM449,SIM448
SIM450,SIM449
SIM451,SIM450
SIM452,SIM451
SIM453,SIM452
SIM454,SIM453
SIM455,SIM454
SIM456,SIM455
SIM457,SIM456
SIM458,SIM457
SIM459,SIM458
SIM460,SIM459
SIM461,SIM460
SIM462,SIM461
SIM463,SIM462
SIM464,SIM463
SIM465,SIM464
SIM466,SIM465
SIM467,SIM466
SIM468,SIM466LI
SIM469,SIM467
SIM470,SIM468
SIM471,SIM469
SIM472,SIM470
SIM473,SIM471
SIM474,SIM472
SIM475,SIM473
SIM476,SIM474
SIM477,SIM475
SIM478,SIM476
SIM479,SIM477
SIM480,SIM478
SIM481,SIM479
SIM482,SIM480
SIM483,SIM481
SIM484,SIM482
SIM485,SIM483
SIM486,SIM484
SIM487,SIM485
SIM488,SIM486
SIM489,SIM487
SIM490,SIM488
SIM491,SIM489
SIM492,SIM490
SIM493,SIM491
SIM494,SIM492
SIM495,SIM493
SIM496,SIM494
SIM497,SIM495
SIM498,SIM496
SIM499,SIM497
SIM500,SIM498
SIM501,SIM499
SIM502,SIM500
SIM503,SIM501
SIM504,SIM502
SIM505,SIM503
SIM506,SIM504
SIM507,SIM505
SIM508,SIM506
SIM509,SIM507
SIM510,SIM508
SIM511,SIM509
SIM512,SIM510
SIM513,SIM511
SIM514,SIM512
SIM515,SIM513
SIM516,SIM514
SIM517,SIM515
SIM518,SIM516
SIM519,SIM517
SIM520,SIM518
SIM521,SIM519
SIM522,SIM520
SIM523,SIM521
SIM524,SIM522
SIM525,SIM522
SIM526,SIM523
SIM527,SIM524
SIM528,SIM525
SIM529,SIM526
SIM530,SIM527
SIM531,SIM528
SIM532,SIM529
SIM533,SIM530
SIM534,SIM531
SIM535,SIM532
SIM536,SIM533
SIM537,SIM534
SIM538,SIM535
SIM539,SIM536
SIM540,SIM537
SIM541,SIM538
SIM542,SIM539
SIM543,SIM540
SIM544,SIM541
SIM545,SIM542
SIM546,SIM543
SIM547,SIM544
SIM548,SIM545
SIM549,SIM546
SIM550,SIM547
SIM551,SIM548
SIM552,SIM549
SIM553,SIM550
SIM554,SIM551
SIM555,SIM552
SIM556,SIM553
SIM557,SIM554
SIM558,SIM555
SIM559,SIM556
SIM560,SIM557
SIM561,SIM558
SIM562,SIM559
SIM563,SIM560
SIM564,SIM561
SIM565,SIM562
SIM566,SIM563
SIM567,SIM564
SIM568,SIM565
SIM569,SIM566
SIM570,SIM567
SIM571,SIM568
SIM572,SIM569
SIM573,SIM570
SIM574,SIM571
SIM575,SIM572
SIM576,SIM573
SIM577,SIM574
SIM578,SIM575
SIM579,SIM576
SIM580,SIM577
SIM581,SIM578
SIM582,SIM579
SIM583,SIM580
SIM584,SIM581
SIM585,SIM582
SIM586,SIM583
SIM587,SIM584
SIM588,SIM585
SIM589,SIM586
SIM590,SIM587
SIM591,SIM588
SIM592,SIM589
SIM593,SIM590
SIM594,SIM591
SIM595,SIM592
SIM596,SIM593
SIM597,SIM594
SIM598,SIM595
SIM599,SIM596
SIM600,SIM597
SIM601,SIM598
SIM602,SIM599
SIM603,SIM600
SIM604,SIM601
SIM605,SIM602
SIM606,SIM603
SIM607,SIM604
SIM608,SIM605
SIM609,SIM606
SIM610,SIM607
SIM611,SIM608
SIM612,SIM609
SIM613,SIM610
SIM614,SIM611
SIM615,SIM612
SIM616,SIM613
SIM617,SIM614
SIM618,SIM615
SIM619,SIM616
SIM620,SIM617
SIM621,SIM618
SIM622,SIM619
SIM623,SIM620
SIM624,SIM621
SIM625,SIM622
SIM626,SIM623
SIM627,SIM624
SIM628,SIM625
SIM629,SIM626
SIM630,SIM627
SIM631,SIM628
SIM632,SIM629
SIM633,SIM629LI
SIM634,SIM630
SIM635,SIM631
SIM636,SIM632
SIM637,SIM633
SIM638,SIM634
SIM639,SIM635
SIM640,SIM636
SIM641,SIM637
SIM642,SIM638
SIM643,SIM639
SIM644,SIM640
SIM645,SIM641
SIM646,SIM642
SIM647,SIM643
SIM648,SIM644
SIM649,SIM645
SIM650,SIM646
SIM651,SIM647
SIM652,SIM648
SIM653,SIM649
SIM654,SIM650
SIM655,SIM651
SIM656,SIM652
SIM657,SIM653
SIM658,SIM654
SIM659,SIM655
SIM660,SIM656
SIM661,SIM657
SIM662,SIM658
SIM663,SIM659
SIM664,SIM660
SIM665,SIM661
SIM666,SIM662
SIM667,SIM663
SIM668,SIM664
SIM669,SIM665
SIM670,SIM666
SIM671,SIM667
SIM672,SIM668
SIM673,SIM669
SIM674,SIM670
SIM675,SIM670LI
SIM676,SIM671
SIM677,SIM672
SIM678,SIM673
SIM679,SIM674
SIM680,SIM675
SIM681,SIM676
SIM682,SIM677
SIM683,SIM678
SIM684,SIM679
SIM685,SIM680
SIM686,SIM681
SIM687,SIM682
SIM688,SIM683
SIM689,SIM684
SIM690,SIM685
SIM691,SIM686
SIM692,SIM687
SIM693,SIM688
SIM694,SIM689
SIM695,SIM690
SIM696,SIM691
SIM697,SIM692
SIM698,SIM693
SIM699,SIM694
SIM700,SIM695
SIM701,SIM696
SIM702,SIM697
SIM703,SIM698
SIM704,SIM699
SIM705,SIM700
SIM706,SIM701
SIM707,SIM702
SIM708,SIM703
SIM709,SIM704
SIM710,SIM705
SIM711,SIM706
SIM712,SIM707
SIM713,SIM708
SIM714,SIM709
SIM715,SIM710
SIM716,SIM711
SIM717,SIM712
SIM718,SIM713
SIM719,SIM714
SIM720,SIM715
SIM721,SIM716
SIM722,SIM717
SIM723,SIM718
SIM724,SIM719
SIM725,SIM720
SIM726,SIM721
SIM727,SIM722
SIM728,SIM723
SIM729,SIM724
SIM730,SIM725
SIM731,SIM726
SIM732,SIM727
SIM733,SIM728
SIM734,SIM729
SIM735,SIM730
SIM736,SIM731
SIM737,SIM732
SIM738,SIM733
SIM739,SIM734
SIM740,SIM735
SIM741,SIM736
SIM742,SIM737
SIM743,SIM738
SIM744,SIM739
SIM745,SIM740
SIM746,SIM741
SIM747,SIM742
SIM748,SIM743
SIM749,SIM744
SIM750,SIM745
SIM751,SIM746
SIM752,SIM747
SIM753,SIM748
SIM754,SIM749
SIM755,SIM750
SIM756,SIM751
SIM757,SIM752
SIM758,SIM753
SIM759,SIM754
SIM760,SIM755
SIM761,SIM756
SIM762,SIM757
SIM763,SIM758
SIM764,SIM759
SIM765,SIM760
SIM766,SIM761
SIM767,SIM762
SIM768,SIM763
SIM769,SIM764
SIM770,SIM765
SIM771,SIM766
SIM772,SIM767
SIM773,SIM768
SIM774,SIM769
SIM775,SIM770
SIM776,SIM771
SIM777,SIM772
SIM778,SIM773
SIM779,SIM774
SIM780,SIM775
SIM781,SIM776
SIM782,SIM777
SIM783,SIM778
SIM784,SIM779
SIM785,SIM780
SIM786,SIM781
SIM787,SIM782
SIM788,SIM783
SIM789,SIM784
SIM790,SIM785
SIM791,SIM786
SIM792,SIM787
SIM793,SIM788
SIM794,SIM789
SIM795,SIM790
SIM796,SIM791
SIM797,SIM792
SIM798,SIM793
SIM799,SIM794
SIM800,SIM795
SIM801,SIM796
SIM802,SIM797
SIM803,SIM798
SIM804,SIM799
SIM805,SIM800
SIM806,SIM801
SIM807,SIM802
SIM808,SIM803
SIM809,SIM804
SIM810,SIM805
SIM811,SIM806
SIM812,SIM807
SIM813,SIM808
SIM814,SIM809
SIM815,SIM810
SIM816,SIM811
SIM817,SIM812
SIM818,SIM813
SIM819,SIM814
SIM820,SIM815
SIM821,SIM816
SIM822,SIM817
SIM823,SIM818
SIM824,SIM819
SIM825,SIM821
SIM826,SIM822
SIM827,SIM823
SIM828,SIM824
SIM829,SIM825
SIM830,SIM826
SIM831,SIM827
SIM832,SIM828
SIM833,SIM829
SIM834,SIM830
SIM835,SIM831
SIM836,SIM832
SIM837,SIM833
SIM838,SIM834
SIM839,SIM835
SIM840,SIM836
SIM841,SIM837
SIM842,SIM838
SIM843,SIM839
SIM844,SIM840
SIM845,SIM841
SIM846,SIM842
SIM847,SIM843
SIM848,SIM844
SIM849,SIM845
SIM850,SIM846
SIM851,SIM847
SIM852,SIM848
SIM853,SIM849
SIM854,SIM850
SIM855,SIM851
SIM856,SIM852
SIM857,SIM853
SIM858,SIM854
SIM859,SIM855
SIM860,SIM856
SIM861,SIM857
SIM862,SIM858
SIM863,SIM859
SIM864,SIM860
SIM865,SIM861
SIM866,SIM862
SIM867,SIM863
SIM868,SIM864
SIM869,SIM865
SIM870,SIM866
SIM871,SIM867
SIM872,SIM868
SIM873,SIM869
SIM874,SIM870
SIM875,SIM871
SIM876,SIM872
SIM877,SIM873
SIM878,SIM874
SIM879,SIM875
SIM880,SIM876
SIM881,SIM877
SIM882,SIM878
SIM883,SIM879
SIM884,SIM880
SIM885,SIM881
SIM886,SIM882
SIM887,SIM883
SIM888,SIM884
SIM889,SIM885
SIM890,SIM886
SIM891,SIM887
SIM892,SIM888
SIM893,SIM889
SIM894,SIM890
SIM895,SIM891
SIM896,SIM892
SIM897,SIM893
SIM898,SIM894
SIM899,SIM895
SIM900,SIM896
SIM901,SIM897
SIM902,SIM898
SIM903,SIM899
SIM904,SIM900
SIM905,SIM901
SIM906,SIM902
SIM907,SIM903
SIM908,SIM904
SIM909,SIM905
SIM910,SIM906
SIM911,SIM907
SIM912,SIM908
SIM913,SIM909
SIM914,SIM910
SIM915,SIM911
SIM916,SIM912
SIM917,SIM913
SIM918,SIM914
SIM919,SIM915
SIM920,SIM916
SIM921,SIM917
SIM922,SIM918
SIM923,SIM919
SIM924,SIM920
SIM925,SIM921
SIM926,SIM922
SIM927,SIM923
SIM928,SIM924
SIM929,SIM925
SIM930,SIM926
SIM931,SIM927
SIM932,SIM928
SIM933,SIM929
SIM934,SIM930
SIM935,SIM931
SIM936,SIM932
SIM937,SIM933
SIM938,SIM934
SIM939,SIM935
SIM940,SIM936
SIM941,SIM937
SIM942,SIM938
SIM943,SIM939
SIM944,SIM940
SIM945,SIM941
SIM946,SIM942
SIM947,SIM943
SIM948,SIM944
SIM949,SIM945
SIM950,SIM946
